sectors,Company_name
Abrasives,Grindwell_Norto
Abrasives,Carborundum
Abrasives,Wendt
Aerospace_&_Defence,Hindustan_Aeron
Aerospace_&_Defence,Bharat_Elec
Aerospace_&_Defence,Data_Patterns
Aerospace_&_Defence,Azad_Eng
Aerospace_&_Defence,MTAR_Tech
Aerospace_&_Defence,Apollo_Micro_Sy
Aerospace_&_Defence,Dreamfolks_Ser.
Agriculture,Bombay_Burmah
Agriculture,Kaveri_Seed
Agriculture,Bombay_Super
Agriculture,Nath_BioGenes
Agriculture,Shreeoswal_Seed
Agriculture,Harrisons_Malay
Agriculture,Upsurge_Seeds
Agriculture,Dhunseri_Tea
Agriculture,Nirman_Agri
Agriculture,AgriTech
Air_Conditioners,Voltas
Air_Conditioners,Blue_Star
Air_Conditioners,Amber_Enterpris
Air_Conditioners,Johnson_Control
Air_Conditioners,ICE_Make_Refrig
Airlines,Interglobe_Avi
Airlines,Jet_Airways
Airlines,Global_Vectra
Aluminium_&_Aluminium_Products,NALCO
Aluminium_&_Aluminium_Products,Hardwyn
Aluminium_&_Aluminium_Products,Maan_Aluminium
Aluminium_&_Aluminium_Products,MMP_Industries
Aluminium_&_Aluminium_Products,Euro_Panel
Aluminium_&_Aluminium_Products,Baheti
Aluminium_&_Aluminium_Products,Manaksia_Alumin
Aluminium_&_Aluminium_Products,Century_Extr
Amusement_Parks/Recreation/Club,Wonderla
Amusement_Parks/Recreation/Club,Imagicaaworld
Aquaculture,Avanti_Feeds
Aquaculture,Apex_Frozen
Aquaculture,Ajooni_Biotech
Auto_Ancillaries,Motherson_SWI
Auto_Ancillaries,Varroc_Engineer
Auto_Ancillaries,Pricol
Auto_Ancillaries,Rajratan_Global
Auto_Ancillaries,GNA_Axles
Auto_Ancillaries,Ndr_Auto_Compon
Auto_Ancillaries,Pavna_Ind
Auto_Ancillaries,Rane_Brake
Auto_Ancillaries,Shigan_Quantum
Auto_Ancillaries,Pritika_Eng
Auto_Ancillaries_Air_Conditioning_Parts,Subros
Auto_Ancillaries_Axle_shafts,Automotive_Axle
Auto_Ancillaries_Bearings,Schaeffler_Ind
Auto_Ancillaries_Bearings,SKF_India
Auto_Ancillaries_Bearings,Timken
Auto_Ancillaries_Bearings,NRB_Bearings
Auto_Ancillaries_Bearings,Menon_Bearings
Auto_Ancillaries_Bearings,NRB_Industrial
Auto_Ancillaries_Brakes,ASK_Auto
Auto_Ancillaries_Brakes,Hind_Composites
Auto_Ancillaries_Brakes,Sundaram_Brake
Auto_Ancillaries_Castings/Forgings,Sona_BLW
Auto_Ancillaries_Castings/Forgings,CIEINDIA
Auto_Ancillaries_Castings/Forgings,PTC_Industries
Auto_Ancillaries_Castings/Forgings,RamkrishnaForge
Auto_Ancillaries_Castings/Forgings,MM_Forgings
Auto_Ancillaries_Castings/Forgings,Rama_Steel_Tube
Auto_Ancillaries_Castings/Forgings,Steelcast
Auto_Ancillaries_Castings/Forgings,Hilton_Metal
Auto_Ancillaries_Castings/Forgings,LGB_Forge
Auto_Ancillaries_Castings/Forgings,Ganga_Forging
Auto_Ancillaries_Castings/Forgings,Metalyst_Forgin
Auto_Ancillaries_Clutches,Setco_Auto
Auto_Ancillaries_Diesel_Engines,Cummins
Auto_Ancillaries_Diesel_Engines,Swaraj_Engines
Auto_Ancillaries_Engine_Parts,India_Nippon
Auto_Ancillaries_Engine_Parts,Rane_Engine
Auto_Ancillaries_Gears,JTEKT_India
Auto_Ancillaries_Gears,Shanthi_Gears
Auto_Ancillaries_Gears,LG_Balakrishnan
Auto_Ancillaries_Gears,Rane_Madras
Auto_Ancillaries_Gears,The_HiTech_Gea
Auto_Ancillaries_Gears,Shivam_Auto
Auto_Ancillaries_Gears,Bharat_Gears
Auto_Ancillaries_Head_lamps_&_lights,UNO_Minda
Auto_Ancillaries_Head_lamps_&_lights,FIEM_Ind
Auto_Ancillaries_Head_lamps_&_lights,Lumax_Inds
Auto_Ancillaries_Others,ZFCVINDIA
Auto_Ancillaries_Others,Endurance_Techn
Auto_Ancillaries_Others,Jupiter_Wagons
Auto_Ancillaries_Others,Minda_Corp
Auto_Ancillaries_Others,Suprajit_Eng
Auto_Ancillaries_Others,Sansera_Eng
Auto_Ancillaries_Others,Banco_Products
Auto_Ancillaries_Others,Lumax_Auto_Tech
Auto_Ancillaries_Others,SJS_Enterprises
Auto_Ancillaries_Others,Alicon_Castallo
Auto_Ancillaries_Others,Munjal_Auto_Ind
Auto_Ancillaries_Others,Munjal_Showa
Auto_Ancillaries_Others,Remsons_Ind
Auto_Ancillaries_Others,Sintercom_India
Auto_Ancillaries_Others,PPAP_Automotive
Auto_Ancillaries_Pistons,Shriram_Pistons
Auto_Ancillaries_Pistons,FederalMogul
Auto_Ancillaries_Sheet_Metals,Jay_BharatMarut
Auto_Ancillaries_Sheet_Metals,Autoline_Ind
Auto_Ancillaries_Shock_absorbers,Gabriel_India
Auto_Ancillaries_Spare_Parts_&_Accessories,JBM_Auto
Auto_Ancillaries_Spare_Parts_&_Accessories,Sharda_Motor
Auto_Ancillaries_Spare_Parts_&_Accessories,Rico_Auto
Auto_Ancillaries_Spare_Parts_&_Accessories,Precision_Camsh
Auto_Ancillaries_Spare_Parts_&_Accessories,Talbros_Auto
Auto_Ancillaries_Spare_Parts_&_Accessories,Auto_Stampings
Auto_Ancillaries_Spare_Parts_&_Accessories,UCAL
Auto_Ancillaries_Springs,Jamna_Auto
Auto_Ancillaries_Tyres_&_Rubber_Products,MRF
Auto_Ancillaries_Tyres_&_Rubber_Products,Balkrishna_Ind
Auto_Ancillaries_Tyres_&_Rubber_Products,Apollo_Tyres
Auto_Ancillaries_Tyres_&_Rubber_Products,JK_Tyre_&_Ind
Auto_Ancillaries_Tyres_&_Rubber_Products,Ceat
Auto_Ancillaries_Tyres_&_Rubber_Products,TVS_Srichakra
Auto_Ancillaries_Tyres_&_Rubber_Products,Pix_Transmis
Auto_Ancillaries_Tyres_&_Rubber_Products,GRP
Auto_Ancillaries_Tyres_&_Rubber_Products,Somi_Conveyor
Auto_Ancillaries_Wheels,Steel_Str_Wheel
Auto_Ancillaries_Wheels,Wheels
Automobile_Trucks/LCVs,Ashok_Leyland
Automobile_Trucks/LCVs,Force_Motors
Automobile_Trucks/LCVs,SML_Isuzu
Automobile_Tractors,Escorts_Kubota
Automobile_Tractors,HMT
Automobile_Tractors,VST_Tillers
Automobile_Passenger_Cars,Maruti_Suzuki
Automobile_Passenger_Cars,Hind_Motors
Automobile_LCVS/_HVCS,Tata_Motors
Automobile_LCVS/_HVCS,Eicher_Motors
Automobile_LCVS/_HVCS,Tata_Motors_DVR
Automobile_Dealers_&_Distributors,CarTrade_Tech
Automobile_Auto_&_Truck_Manufacturers,M&M
Automobile_2_&_3_Wheelers,Bajaj_Auto
Automobile_2_&_3_Wheelers,TVS_Motor
Automobile_2_&_3_Wheelers,Hero_Motocorp
Automobile_2_&_3_Wheelers,Atul_Auto
Bank_Private,HDFC_Bank
Bank_Private,ICICI_Bank
Bank_Private,Kotak_Mahindra
Bank_Private,Axis_Bank
Bank_Private,IndusInd_Bank
Bank_Private,IDBI_Bank
Bank_Private,Yes_Bank
Bank_Private,IDFC_First_Bank
Bank_Private,AU_Small_Financ
Bank_Private,Federal_Bank
Bank_Private,Bandhan_Bank
Bank_Private,JK_Bank
Bank_Private,Karur_Vysya
Bank_Private,RBL_Bank
Bank_Private,Equitas_Bank
Bank_Private,City_Union_Bank
Bank_Private,Ujjivan_Small
Bank_Private,Karnataka_Bank
Bank_Private,South_Ind_Bk
Bank_Private,TMB
Bank_Private,CSB_Bank
Bank_Private,UTKARSHBNK
Bank_Private,DCB_Bank
Bank_Private,ESAF_SFB
Bank_Private,Suryoday_Small
Bank_Private,Dhanlaxmi_Bank
Bank_Public,SBI
Bank_Public,Bank_of_Baroda
Bank_Public,PNB
Bank_Public,IOB
Bank_Public,Union_Bank
Bank_Public,Canara_Bank
Bank_Public,Indian_Bank
Bank_Public,UCO_Bank
Bank_Public,Bank_of_India
Bank_Public,Central_Bank
Bank_Public,Bank_of_Mah
Bank_Public,Punjab_&_Sind
Bank_Public,Jana_Small_Fina
Bank_Public,Capital_Small
Batteries,Exide_Ind
Batteries,Amara_Raja
Batteries,HBL_Power
Batteries,Eveready_Ind
Batteries,IndoNational
Biotechnology_&_Medical_Research,Biocon
Biotechnology_&_Medical_Research,Concord_Biotech
Biotechnology_&_Medical_Research,Sun_Pharma_Adv
Biotechnology_&_Medical_Research,Windlas_Biotech
BPO/ITeS,Firstsource_Sol
BPO/ITeS,eClerx_Services
BPO/ITeS,Hinduja_Global
BPO/ITeS,Vakrangee
BPO/ITeS,ALLSEC_Tech
BPO/ITeS,One_Point_One_S
BPO/ITeS,Mold_Tek_Tech
BPO/ITeS,Intrasoft_Tech
BPO/ITeS,Excel_Realty
BPO/ITeS,WE_WIN
BPO/ITeS,HOV_Services
BPO/ITeS,Plada_Infotech
BPO/ITeS,Kandarp_Digi
Breweries_&_Distilleries,United_Spirits
Breweries_&_Distilleries,United_Brewerie
Breweries_&_Distilleries,Radico_Khaitan
Breweries_&_Distilleries,Sula_Vineyards
Breweries_&_Distilleries,Tilaknagar_Ind
Breweries_&_Distilleries,Globus_Spirits
Breweries_&_Distilleries,Som_Distillerie
Breweries_&_Distilleries,GM_Breweries
Breweries_&_Distilleries,Assoc_Alcohol
Breweries_&_Distilleries,Aurangabad_Dist
Cable_&_D2H,Hathway_Cable
Cable_&_D2H,Dish_TV
Cable_&_D2H,Den_Networks
Cable_&_D2H,GTPL_Hathway
Cables,Polycab
Cables,KEI_Industries
Cables,R_R_Kabel
Cables,Finolex_Cables
Cables,Sterlite_Techno
Cables,Precision_Wires
Cables,Paramount_Comm
Cables,Universal_Cable
Cables,Salzer_Electro
Cables,Dynamic_Cables
Cables,Birla_Cable
Cables,Plaza_Wires
Cables,Surana_Telecom
Cables,Cords_Cable_Ind
Cables,VMarc
Cables,Aksh_Optifibre
Cables,Rex_Pipes
Carbon_Black,PCBL
Carbon_Black,Rain_Industries
Carbon_Black,Goa_Carbon
Cement,UltraTechCement
Cement,Ambuja_Cements
Cement,Shree_Cements
Cement,ACC
Cement,Dalmia_Bharat
Cement,J._K._Cement
Cement,Ramco_Cements
Cement,Nuvoco_Vistas
Cement,JK_Lakshmi_Cem
Cement,Star_Cement
Cement,India_Cements
Cement,Heidelberg_Cem
Cement,Jaiprakash_Asso
Cement,Orient_Cement
Cement,Sagar_Cement
Cement,Sanghi_Ind
Cement,KCP
Cement,HIL
Cement,Mangalam_Cement
Cement,Ramcoind
Cement,Everest_Ind
Cement,Shree_Digvijay
Cement,Visaka_Ind
Cement,NCL_Industries
Cement,Andhra_Cement
Cement,Deccan_Cements
Cement,Anjani_Portland
Cement,Sahyadri_Ind
Cement,A_B_Infrabuild
Cement,Kakatiya_Cement
Cement,Niraj_Cement
Cement,Barak_Vally_Cem
Cement,Burnpur_Cement
Cycles,Tube_Investment
Courier_Services,Delhivery
Courier_Services,Blue_Dart
Courier_Services,Allcargo
Courier_Services,AVG_Logistics
Courier_Services,Shreyas_Shippin
Courier_Services,Maheshwari_Logi
Courier_Services,Patel_Integrate
Consumer_Food,Nestle
Consumer_Food,Britannia
Consumer_Food,Adani_Wilmar
Consumer_Food,Jubilant_Food
Consumer_Food,Hatsun_Agro
Consumer_Food,Devyani_Int
Consumer_Food,Bikaji_Foods
Consumer_Food,Godrej_Agrovet
Consumer_Food,Zydus_Wellness
Consumer_Food,Bectors_Food
Consumer_Food,LT_Foods
Consumer_Food,Hindustan_Foods
Consumer_Food,Restaurant_Bran
Consumer_Food,Dodla_Dairy
Consumer_Food,Tasty_Bite
Consumer_Food,Heritage_Foods
Consumer_Food,HMA_Agro
Consumer_Food,Vadilal_Ind
Consumer_Food,Parag_Milk_Food
Consumer_Food,Prataap_Snacks
Consumer_Food,Barbeque_Nat
Consumer_Food,ADF_Foods
Consumer_Food,Gulshan_Poly
Consumer_Food,Foods_and_Inns
Consumer_Food,Sukhjit_Starch
Consumer_Food,Annapurna_Swa
Consumer_Food,IFB_Agro
Consumer_Food,Sheetal_Cool_Pr
Consumer_Food,Megastar_Foods
Consumer_Food,Proventus
Consumer_Food,Euro_India_Fres
Consumer_Food,Coastal_Corp
Consumer_Food,Srivari_Spices
Consumer_Food,Future_Consumer
Consumer_Food,Umang_Dairies
Consumer_Food,Dangee_Dums
Consumer_Food,Nakoda_Group
Consumer_Food,Tapi_Fruit
Construction_Residential_&_Commercial_Complexes,DLF
Construction_Residential_&_Commercial_Complexes,Macrotech_Dev
Construction_Residential_&_Commercial_Complexes,Godrej_Prop
Construction_Residential_&_Commercial_Complexes,Phoenix_Mills
Construction_Residential_&_Commercial_Complexes,Oberoi_Realty
Construction_Residential_&_Commercial_Complexes,Prestige_Estate
Construction_Residential_&_Commercial_Complexes,NBCC_(India)
Construction_Residential_&_Commercial_Complexes,Brigade_Ent
Construction_Residential_&_Commercial_Complexes,Sobha
Construction_Residential_&_Commercial_Complexes,DB_Realty
Construction_Residential_&_Commercial_Complexes,Mahindra_Life
Construction_Residential_&_Commercial_Complexes,Ahluwalia
Construction_Residential_&_Commercial_Complexes,Keystone_Real
Construction_Residential_&_Commercial_Complexes,Indiabulls_Real
Construction_Residential_&_Commercial_Complexes,Dilip_Buildcon
Construction_Residential_&_Commercial_Complexes,Sunteck_Realty
Construction_Residential_&_Commercial_Complexes,Ganesh_Housing
Construction_Residential_&_Commercial_Complexes,Puravankara
Construction_Residential_&_Commercial_Complexes,Welspun_Enter
Construction_Residential_&_Commercial_Complexes,KoltePatil
Construction_Residential_&_Commercial_Complexes,Ashiana_Housing
Construction_Residential_&_Commercial_Complexes,Arvind_Smart
Construction_Residential_&_Commercial_Complexes,Unitech
Construction_Residential_&_Commercial_Complexes,Ajmera_Realty
Construction_Residential_&_Commercial_Complexes,Marathon_Realty
Construction_Residential_&_Commercial_Complexes,Shriram_Prop
Construction_Residential_&_Commercial_Complexes,Omaxe
Construction_Residential_&_Commercial_Complexes,Peninsula_Land
Construction_Residential_&_Commercial_Complexes,Arihant_Super
Construction_Residential_&_Commercial_Complexes,Hubtown
Construction_Residential_&_Commercial_Complexes,Eldeco_Housing
Construction_Residential_&_Commercial_Complexes,Parsvnath
Construction_Residential_&_Commercial_Complexes,Prozone_Realty
Construction_Residential_&_Commercial_Complexes,Emami_Realty
Construction_Residential_&_Commercial_Complexes,Vipul
Construction_Residential_&_Commercial_Complexes,Lancor_Holdings
Construction_Residential_&_Commercial_Complexes,Art_Nirman
Construction_Residential_&_Commercial_Complexes,Pansari_Develop
Construction_Residential_&_Commercial_Complexes,AMJ_Land
Construction_Residential_&_Commercial_Complexes,Shradha_Infra
Construction_Residential_&_Commercial_Complexes,Landmark_Prop
Construction_Residential_&_Commercial_Complexes,Sonu_Infratech
Construction_Real_Estate,Embassy_Office
Construction_Real_Estate,Nexus_Select
Construction_Real_Estate,Anant_Raj
Construction_Real_Estate,Brookfield_REIT
Construction_Real_Estate,Hemisphere
Construction_Real_Estate,TARC
Construction_Real_Estate,PSP_Projects
Construction_Real_Estate,Capacite_Infra
Construction_Real_Estate,BL_Kashyap
Construction_Real_Estate,Bigbloc_Constru
Construction_Real_Estate,Suratwwala_BG
Construction_Real_Estate,Vascon_Engineer
Construction_Real_Estate,Suraj_Estate
Construction_Real_Estate,PVP_Ventures
Construction_Real_Estate,GeeCee_Ventures
Construction_Real_Estate,Vishnusurya
Construction_Real_Estate,Nila_Infra
Construction_Real_Estate,Chavda_Infra
Construction_Real_Estate,KBC_Global
Construction_Real_Estate,Sumit_Woods
Construction_Real_Estate,Poddar_Housing
Construction_Real_Estate,Country_Condos
Construction_Infrastructure,Rail_Vikas
Construction_Infrastructure,NCC
Construction_Infrastructure,G_R_Infra
Construction_Infrastructure,PNC_Infratech
Construction_Infrastructure,Man_Infra
Construction_Infrastructure,KNR_Construct
Construction_Infrastructure,ITD_Cementation
Construction_Infrastructure,Hind_Constr
Construction_Infrastructure,Sanghvi_Movers
Construction_Infrastructure,Ashoka_Buildcon
Construction_Infrastructure,J_Kumar_Infra
Construction_Infrastructure,Patel_Eng
Construction_Infrastructure,Ramky_Infra
Construction_Infrastructure,SEPC
Construction_Infrastructure,Man_Industries
Construction_Infrastructure,Rel_Ind_Infra
Construction_Infrastructure,GPT_Infra
Construction_Infrastructure,SPML_Infra
Construction_Infrastructure,MBL_Infra
Construction_Infrastructure,ILandFS_Engg
Construction_Infrastructure,Sadbhav_Engg
Construction_Infrastructure,RPP_Infra_Proj
Construction_Infrastructure,Tarmat
Construction_Infrastructure,RKEC_Projects
Construction_Infrastructure,Atlantaa
Construction_Infrastructure,Univastu_India
Construction_Infrastructure,Atal
Construction_Infrastructure,Akash_Infraproj
Construction_Infrastructure,Madhucon_Proj
Construction_Infrastructure,ARSS_Infra
Construction_Infrastructure,CMM_Infraprojec
Computer_Peripherals,Netweb
Computer_Peripherals,Control_Print
Computer_Peripherals,DLink_India
Computer_Peripherals,HCL_Info
Computer_Peripherals,TVS_Electronics
Computer_Peripherals,MROTEK
Computer_Peripherals,Cerebra_Int
Computer_Peripherals,Compuage_Info
Compressors_/_Pumps,Elgi_Equipments
Compressors_/_Pumps,Ingersoll_Rand
Compressors_/_Pumps,Dynamatic_Tech
Compressors_/_Pumps,Shakti_Pumps
Compressors_/_Pumps,Roto_Pumps
Compressors_/_Pumps,Latteys_Ind.
Compressors_/_Pumps,Bright_Solar
Commodity_Chemicals,Solar_Ind
Commodity_Chemicals,Deepak_Nitrite
Commodity_Chemicals,Himadri_Special
Commodity_Chemicals,Guj_Alkali
Commodity_Chemicals,NOCIL
Commodity_Chemicals,India_Glycols
Commodity_Chemicals,Styrenix
Commodity_Chemicals,Thirumalai_Chem
Commodity_Chemicals,Bhansali_Eng
Commodity_Chemicals,GOCL_Corp
Commodity_Chemicals,Sadhana_Nitro
Commodity_Chemicals,Premier_Explo
Commodity_Chemicals,DCW
Commodity_Chemicals,ANDHRSUGAR
Commodity_Chemicals,Ganesh_Benzo
Commodity_Chemicals,Dhunseri_Ventur
Commodity_Chemicals,ORIENTAL_AROMAT
Commodity_Chemicals,Bodal_Chemicals
Commodity_Chemicals,Amines_Plast
Commodity_Chemicals,Chemfab_Alkalis
Commodity_Chemicals,Sree_Rayalaseem
Commodity_Chemicals,Pondy_Oxides
Commodity_Chemicals,Tamilnadu_Petro
Commodity_Chemicals,Oriental_Carbon
Commodity_Chemicals,Khaitan_Chemica
Commodity_Chemicals,Diamines_Chem
Commodity_Chemicals,Indo_Borax
Commodity_Chemicals,Lords_Chloro
Commodity_Chemicals,Mangalam_Organ
Commodity_Chemicals,IVP
Commodity_Chemicals,Alkali_Metals
Coal,Coal_India
Coal,Guj_Mineral
Cigarettes/Tobacco,Godfrey_Phillip
Cigarettes/Tobacco,VST
Cigarettes/Tobacco,Golden_Tobacco
Chemicals,Archean_Chem
Chemicals,Vikas_Life
Chemicals,Kothari_Petro
Chemicals,Infinium
Chemicals,Par_Drugs
Chemicals,Vital_Chemtech
Chemicals,Auro_Impex
Chemicals,MCON_Rasayan
Chemicals,Ushanti_Colour
Ceramics/Marble/Granite/Sanitaryware,Kajaria_Ceramic
Ceramics/Marble/Granite/Sanitaryware,Cera_Sanitary
Ceramics/Marble/Granite/Sanitaryware,Somany_Ceramics
Ceramics/Marble/Granite/Sanitaryware,Pokarna
Ceramics/Marble/Granite/Sanitaryware,Global_Surfaces
Ceramics/Marble/Granite/Sanitaryware,Asian_Granito
Ceramics/Marble/Granite/Sanitaryware,Orient_Bell
Ceramics/Marble/Granite/Sanitaryware,Exxaro_Tiles
Ceramics/Marble/Granite/Sanitaryware,Murudeshwar_Cer
Ceramics/Marble/Granite/Sanitaryware,Aro_Granite
Ceramics/Marble/Granite/Sanitaryware,Lexus_Granito
Ceramics/Marble/Granite/Sanitaryware,Regency_Ceramic
Ceramics/Marble/Granite/Sanitaryware,Madhav_Marbles
Ceramics/Marble/Granite/Sanitaryware,Oriental_Trimex
Dyes_&_Pigments,Sudarshan_Chem
Dyes_&_Pigments,Vidhi_Spec
Dyes_&_Pigments,Kiri_Industries
Dyes_&_Pigments,Bhageria_Indu
Dyes_&_Pigments,Shree_Pushkar
Dyes_&_Pigments,Asahi_Songwon
Dyes_&_Pigments,Dynemic_Product
Dyes_&_Pigments,Poddar_Pigments
Dyes_&_Pigments,AksharChem
Dyes_&_Pigments,Paragon_Fine
Dyes_&_Pigments,Ducol_Organics
Dyes_&_Pigments,Prolife_Industr
Dyes_&_Pigments,Yasons_Chemex
Domestic_Appliances,CG_Consumer
Domestic_Appliances,Whirlpool
Domestic_Appliances,Bajaj_Electric
Domestic_Appliances,TTK_Prestige
Domestic_Appliances,Electronics_Mar
Domestic_Appliances,Symphony
Domestic_Appliances,IFB_Industries
Domestic_Appliances,PG_Electroplast
Domestic_Appliances,HINDWAREAP
Domestic_Appliances,Stove_Kraft
Domestic_Appliances,Butterfly
Diversified_Chemicals,Pidilite_Ind
Diversified_Chemicals,Godrej_Ind
Diversified_Chemicals,Galaxy_Surfacta
Diversified_Chemicals,HP_Adhesives
Diversified_Chemicals,Aarti_Surfactan
Diversified_Chemicals,Jocil
Diversified,ITC
Diversified,Grasim
Diversified,SRF
Diversified,Linde_India
Diversified,Tata_Tech
Diversified,3M_India
Diversified,Star_Health
Diversified,Guj_State_Petro
Diversified,Century
Diversified,DCM_Shriram
Diversified,Birla_Corp
Diversified,Prism_Johnson
Diversified,Surya_Roshni
Diversified,Kesoram
Diversified,BALMLAWRIE
Diversified,S_H_Kelkar
Diversified,Jash_Engineerin
Diversified,Texmaco_Infra
Diversified,Manaksia
Diversified,Oricon_Ent
Diversified,SKP_Bearing
Diversified,Saakshi_Medtech
Diversified,Gillanders_Arbu
Diversified,Infollion
Diversified,Beardsell
Diversified,Debock_Ind.
Diversified,Graphisads
Diversified,Binani_Ind
Diamond_&_Jewellery,Titan_Company
Diamond_&_Jewellery,Kalyan_Jeweller
Diamond_&_Jewellery,Rajesh_Exports
Diamond_&_Jewellery,Vaibhav_Global
Diamond_&_Jewellery,Senco_Gold
Diamond_&_Jewellery,Thangamayil
Diamond_&_Jewellery,PC_Jeweller
Diamond_&_Jewellery,Goldiam_Inter
Diamond_&_Jewellery,D._P._Abhushan
Diamond_&_Jewellery,Motisons_Jewell
Diamond_&_Jewellery,Sky_Gold
Diamond_&_Jewellery,Renaissance
Diamond_&_Jewellery,Radhika_Jewel
Diamond_&_Jewellery,Tribhovandas
Diamond_&_Jewellery,RBZ_Jewellers
Diamond_&_Jewellery,Moksh_Ornaments
Diamond_&_Jewellery,Kanani_Ind
Diamond_&_Jewellery,Goenka_Diamond
Diamond_&_Jewellery,Lypsa_Gems
Defence,Bharat_Dynamics
Defence,Zen_Tech
Defence,Astra_Microwave
Defence,Paras_Defence
Defence,Krishna_Defence
